ngram,frequency
an_,5363
nga,4209
_sa,4015
_ng,4005
ga_,3047
sa_,2619
_na,2100
on_,1919
_ka,1906
_si,1797
_an,1700
a_n,1516
gan,1480
_ma,1480
ya_,1433
iya,1373
a_i,1349
n_n,1330
san,1329
a_s,1275
ay_,1205
kon,1166
n_s,1146
_pa,1130
a_a,1092
nag,1071
gad,1048
_iy,1032
o_s,1020
_di,1011
o_n,1006
n_a,983
ako,973
_ak,945
a_k,910
a_m,880
mga,861
_mg,859
n_k,812
ara,788
ra_,769
to_,764
ang,758
uga,747
n_m,733
gin,728
_ko,720
n_i,696
ad_,663
aka,647
dto,645
pag,636
sug,634
ata,626
sin,604
ira,581
od_,580
adt,571
a_p,565
ama,565
mo_,558
ng_,551
siy,548
i_s,541
ana,534
kam,531
ko_,526
iri,518
d_s,511
i_n,509
ton,501
ina,497
in_,497
_gi,490
ri_,481
tan,475
di_,455
d_n,453
n_p,450
ala,450
ags,443
nan,443
dir,442
at_,440
n_d,432
a_b,429
aw_,425
mat,423
o_a,419
ni_,415
si_,408
ngo,404
a_d,404
_ba,401
g_s,400
na_,387
gsu,381
yo_,380
o_k,374
imo,371
kay,364
mag,363
a_t,360
s_n,357
ndi,348
ond,347
dio,339
nak,337
ini,335
kan,332
iyo,332
os_,331
ada,323
amo,323
may,322
_je,321
_ir,321
ray,321
us_,318
_bu,314
ika,313
sus,307
no_,307
ung,306
aga,305
jes,304
esu,303
agi,303
ato,303
war,300
t_s,298
da_,298
agp,294
_ta,294
gpa,293
o_m,292
but,285
y_s,285
_wa,284
uta,284
hat,283
a_g,283
i_j,281
buh,278
_ni,276
_la,275
kal,275
ud_,272
aba,271
_tu,270
taw,267
agb,266
awa,266
uha,263
agt,259
_ti,258
ios,256
_ig,253
y_n,253
_ki,252
a_l,250
atu,249
ta_,249
ing,249
ag_,247
gka,247
sir,246
ali,245
_su,244
ahi,243
agk,241
kad,238
tun,237
aha,237
god,234
oo_,233
aya,229
n_g,227
i_a,226
n_t,226
agh,225
n_b,225
ba_,220
la_,219
g_n,218
man,216
awo,214
ulo,210
ano,209
aki,208
ino,206
gba,204
ro_,203
asu,199
lo_,195
gar,194
kas,194
ot_,194
pak,193
ong,193
wo_,193
abu,191
i_m,191
han,191
_am,191
as_,191
_in,189
_pi,188
wat,188
ito,186
gi_,186
_im,185
ari,184
gud,182
mak,181
tag,179
ran,178
aag,178
hi_,175
t_n,175
apa,174
nah,174
i_k,173
s_s,173
aon,172
tuo,170
igi,170
asa,169
say,167
_li,167
y_k,166
naa,166
ayu,165
it_,165
lal,161
d_a,160
nas,159
par,159
tik,159
alu,158
asi,158
pin,157
agu,155
bat,155
yu_,153
did,152
mao,151
itu,150
kin,149
yan,149
_ag,149
kaw,148
y_a,147
ngl,147
kak,146
gaw,146
nab,145
gto,143
tay,143
gon,142
gli,140
lug,139
sal,139
ka_,139
u_n,138
_ya,135
aim,134
ora,134
ak_,134
lak,133
pay,133
iwa,131
_da,131
ita,130
lit,130
bal,130
kat,129
_bi,129
lib,127
isa,126
i_p,126
iba,125
d_k,125
bab,123
_ad,123
ila,123
abo,123
isi,122
uma,122
_ik,122
inh,122
_ju,122
o_d,121
ao_,121
kar,120
kit,120
liw,120
gat,119
ist,119
him,118
rin,118
uno,118
_it,117
ki_,116
kab,115
bag,115
nat,114
bot,113
uhi,113
bis,113
am_,112
adi,111
pan,111
w_n,111
inb,110
ati,110
mah,110
pul,110
n_l,109
niy,108
nha,108
inu,108
o_i,107
too,107
ipa,106
o_p,105
ibu,104
_at,104
pa_,104
maa,104
lin,104
ris,103
ima,103
ura,103
a_j,103
t_a,102
bay,102
io_,101
mod,101
k_n,101
ma_,100
w_s,100
tin,100
lau,100
gbu,99
bar,99
ubu,99
a_h,99
bub,99
jud,99
una,98
sur,98
noo,98
hin,97
sto,97
ayo,96
uor,95
yon,94
ugo,91
t_k,91
_hi,91
sip,91
a_w,91
anh,90
gma,90
aup,89
nhi,89
aro,88
nap,88
ghu,88
ado,88
was,88
cri,88
gtu,87
m_s,87
ram,87
dis,87
ha_,86
law,86
gug,85
_ha,85
uro,85
gha,84
pad,84
ipu,83
tad,83
og_,83
udi,83
_ga,82
aud,82
upo,82
om_,82
ins,81
g_k,81
o_b,81
dam,81
don,81
ugm,81
m_n,81
aar,80
o_t,80
usa,80
y_m,80
lan,80
s_k,79
ian,79
adl,79
a_u,79
dar,79
pod,78
lon,77
kai,77
_un,77
pas,76
mar,76
dla,76
ida,76
ahu,76
igu,76
ili,75
d_m,74
rat,74
mam,74
nta,74
idt,73
y_p,73
yag,73
yaw,72
_es,72
gla,72
kah,72
ban,71
aru,71
ghi,71
dan,71
n_w,71
_po,70
nod,70
sta,70
pap,70
yao,70
inp,69
ngi,69
aad,69
kau,69
mon,68
_ib,68
rit,68
sad,68
agl,68
aan,67
alo,67
tul,67
hig,67
uba,66
_ut,66
agd,66
pir,66
npa,66
pat,65
esp,65
nsu,65
int,65
tro,64
tub,64
_ku,64
_gu,64
bug,64
n_h,63
n_u,63
sit,63
huk,63
_cr,63
oan,62
aho,62
tum,62
hun,62
ti_,62
amu,62
nba,61
o_g,61
raw,61
_lu,61
uko,61
s_a,61
i_t,60
nai,60
gal,60
go_,60
mal,60
gta,60
utr,60
spi,59
kap,59
ia_,59
non,59
gsa,59
_o_,58
k_s,58
gda,57
kom,57
ugt,57
olo,57
g_a,57
um_,57
y_t,57
n_j,57
ras,57
ap_,56
tu_,56
lab,56
hib,56
kaa,56
nbu,56
lip,55
pam,55
kil,55
nti,55
bah,54
pol,54
lag,54
ok_,54
u_s,54
ar_,54
mai,53
hah,53
had,53
sum,53
i_i,52
day,52
uwa,52
abi,52
n_c,52
mab,52
mi_,52
ig_,52
iin,51
_ca,50
upa,49
hit,49
ami,49
gti,49
e_n,49
_is,48
_mi,48
s_m,48
oy_,48
wa_,48
oon,48
ona,48
iha,47
rus,47
ngk,47
imd,47
uya,47
i_d,47
o_l,46
tra,46
mas,46
_pu,46
_pe,46
sub,46
dii,46
pit,45
api,44
wag,44
ant,44
o_w,44
_mo,43
w_k,43
tug,43
mda,43
hon,43
nir,43
y_i,43
is_,42
a_e,42
uod,42
tat,42
ho_,42
dro,41
haw,41
ihi,41
_aa,41
cap,41
p_s,40
do_,40
are,40
gra,40
gay,40
tor,40
d_p,40
hih,40
a_o,39
kao,39
iga,39
aa_,39
aku,39
uo_,39
_du,39
n_e,39
sak,38
mau,38
nad,38
sis,38
d_d,38
apu,38
ani,37
tut,37
way,37
ero,37
bil,37
aye,37
l_n,37
ruy,37
ent,37
kag,37
pab,36
m_k,36
w_m,36
ye_,36
edr,36
gog,36
lil,36
i_b,36
ogo,36
kuh,36
rog,36
ori,36
tis,35
bun,35
uan,35
ut_,35
g_m,35
rah,35
rab,34
apo,34
_he,34
ped,34
lat,34
ria,34
i_l,34
iro,34
uli,34
s_p,34
raa,34
il_,34
baw,34
_gr,33
pil,33
iti,33
pus,33
adu,33
d_i,33
mu_,33
umo,33
n_o,33
i_c,33
dak,33
s_d,32
pao,32
hay,32
ysa,32
tap,32
ays,32
moo,32
nda,32
kum,32
tdo,32
uhu,32
uto,31
min,31
_pr,31
_ay,31
iki,31
t_i,31
got,31
gam,31
uru,31
pun,30
usu,30
li_,30
gko,30
pai,30
sam,30
_or,30
goo,30
lar,30
bul,30
huh,30
tit,30
sun,30
ngu,30
nam,30
sia,30
opa,29
y_d,29
din,29
t_p,29
bra,29
w_p,29
bos,29
igo,29
ago,29
t_m,29
y_b,29
rau,28
lod,28
u_k,28
ont,28
gah,28
bre,28
oto,28
lub,28
tah,28
ron,28
a_y,28
taa,28
ipi,28
bur,28
rag,28
a_f,27
dal,27
hen,27
utd,27
g_p,27
_hu,27
tia,27
aut,27
hum,27
ind,27
t_d,27
ea_,27
aab,27
dun,27
_um,27
n_y,27
ose,27
sim,27
tip,27
hap,27
umu,27
smo,27
ism,27
isu,27
til,26
es_,26
el_,26
ham,26
yah,26
bas,26
o_h,26
ner,26
wha,26
awh,26
sid,26
ugb,26
s_i,25
gbo,25
tig,25
ale,25
uby,25
bya,25
r_s,25
e_s,25
loo,25
_ab,25
tim,25
ael,25
rne,25
arn,25
ubi,25
w_a,25
reh,25
sar,25
apt,25
agr,25
g_d,25
_up,25
rop,25
suc,24
est,24
gis,24
abr,24
sik,24
_to,24
i_g,24
ucr,24
duh,24
eho,24
big,24
sas,23
po_,23
nal,23
aum,23
oha,23
y_g,23
gab,23
har,23
gsi,23
l_s,22
ain,22
lim,22
lyo,22
aop,22
pah,22
ibr,22
toa,22
mil,22
re_,22
ol_,22
ais,22
g_i,22
pig,22
luw,22
utu,22
ula,22
igs,22
eta,22
ooy,22
git,22
ntr,22
dug,21
nar,21
w_t,21
lad,21
mus,21
te_,21
dad,21
rig,21
ob_,21
rot,21
dma,21
ngh,21
nik,21
wan,21
sul,21
lam,21
jua,21
ubo,21
rta,21
umi,21
kia,21
_ip,21
bi_,21
lay,21
tal,20
bo_,20
_fa,20
tar,20
ust,20
s_t,20
pon,20
mos,20
pal,20
nom,20
dag,20
sab,20
eli,20
gpu,20
mur,20
tur,20
far,20
rae,19
y_y,19
a_r,19
_te,19
lia,19
uda,19
nun,19
mot,19
gas,19
gil,19
sra,19
isr,19
naw,19
kla,19
goa,19
gwa,19
lig,19
amp,19
his,19
pro,19
ias,18
ope,18
gom,18
pet,18
hip,18
dlo,18
nug,18
nul,18
hel,18
_tr,18
o_y,18
gaa,18
has,18
per,18
ngb,18
rod,18
ghe,18
lea,18
bin,18
ely,18
aal,18
agw,18
won,18
mad,18
ses,18
lik,18
ile,18
a_c,18
rut,18
ngp,18
igt,18
d_l,18
o_u,17
jer,17
o_j,17
bng,17
agm,17
ubn,17
s_w,17
eo_,17
em_,17
eru,17
idu,17
zar,17
aza,17
ink,17
o_1,17
and,17
ukm,17
gos,17
sag,17
rok,17
dia,17
u_a,17
omu,17
mpl,16
igb,16
kod,16
kru,16
ast,16
saw,16
fie,16
_fi,16
r_n,16
ies,16
gia,16
lem,16
mta,16
paa,16
p_n,16
t_l,16
_so,16
d_t,16
i_y,16
amt,16
art,16
_kr,16
pti,15
mpo,15
lok,15
eba,15
map,15
rao,15
nig,15
al_,15
op_,15
hug,15
emp,15
tab,15
kur,15
plo,15
tem,15
saa,15
kma,15
hal,15
w_b,15
pe_,15
sya,14
dol,14
nuh,14
aip,14
_as,14
i_h,14
s_g,14
id_,14
por,14
bap,14
gdi,14
igp,14
pos,14
tot,14
kdo,14
m_a,14
k_k,14
i_w,14
gro,14
akd,14
ipe,14
num,14
mit,14
ask,14
lsa,14
los,14
nhu,14
d_u,14
_oo,13
mis,13
waw,13
gur,13
g_g,13
sio,13
ter,13
oma,13
tom,13
ery,13
res,13
aso,13
_eb,13
wal,13
huw,13
ame,13
hul,13
nih,13
_ur,13
kik,13
udl,13
d_w,13
m_m,13
buk,13
isy,12
igh,12
oda,12
w_i,12
b_s,12
adm,12
_be,12
n_f,12
sai,12
rio,12
ryo,12
laz,12
gii,12
_se,12
_fe,12
fel,12
s_u,12
nto,12
rum,12
y_u,12
uri,12
roy,12
obr,12
hub,12
uyo,12
nay,12
en_,12
gya,12
wak,12
uok,12
_re,12
ndo,12
ruh,11
bet,11
_il,11
y_w,11
sud,11
ik_,11
_ih,11
i_u,11
nim,11
hao,11
m_p,11
luy,11
ntu,11
oro,11
ret,11
bon,11
ega,11
reg,11
mut,11
ort,11
sda,11
yaa,11
ngt,11
kua,11
ua_,11
esa,11
gku,11
gpi,11
dog,11
bog,11
gno,11
_jo,11
t_t,11
kot,11
ise,11
maw,11
aia,11
aib,10
agn,10
das,10
g_t,10
seo,10
aur,10
g_b,10
hai,10
ayy,10
yya,10
imp,10
ult,10
ulu,10
tir,10
ern,10
roa,10
lus,10
rmi,10
lut,10
und,10
s_b,10
nin,10
oka,10
o_o,10
den,10
sku,10
suk,10
lul,10
aot,10
son,10
sti,10
esi,10
w_d,10
d_g,10
iaw,10
pto,10
ibo,10
nub,9
tos,9
lap,9
iih,9
i_e,9
iab,9
sno,9
isd,9
log,9
g_w,9
lis,9
uho,9
bu_,9
tam,9
_op,9
aii,9
idm,9
t_b,9
gum,9
mun,9
k_a,9
umb,9
gut,9
rom,9
tng,9
ena,9
anl,9
umd,9
i_o,9
ilu,9
nsa,9
guh,9
_do,9
ord,9
_ar,9
nau,9
kop,9
p_a,9
paw,9
rna,9
rim,9
e_k,9
men,9
duo,9
erm,9
ub_,9
tas,8
kun,8
pis,8
yal,8
ilo,8
uku,8
g_l,8
tob,8
der,8
sah,8
rde,8
kuk,8
pau,8
unt,8
ikw,8
kwa,8
syo,8
_ra,8
utn,8
nte,8
ude,8
aiy,8
haa,8
tus,8
pla,8
ngn,8
abb,8
r_k,8
dea,8
ukl,8
gri,8
kto,8
i_f,8
lur,8
igd,8
mbo,8
daa,8
sok,8
dum,8
y_h,8
hoy,8
y_l,8
sog,8
nli,8
gga,8
anb,8
uki,8
w_u,8
dul,8
lte,8
t_y,8
pot,8
opi,8
ola,7
kus,7
uls,7
bad,7
les,7
ooh,7
ugh,7
tui,7
uig,7
yup,7
idi,7
sup,7
bak,7
pre,7
aaw,7
oli,7
s_o,7
eto,7
igk,7
mba,7
ipo,7
ico,7
ann,7
kig,7
buw,7
rhi,7
dem,7
gng,7
nus,7
hod,7
gig,7
oga,7
imn,7
sob,7
ibi,7
s_h,7
glu,7
lah,7
se_,7
aay,7
osa,7
mpy,7
pri,7
mno,7
ard,7
iso,7
gdu,7
lob,7
ion,7
_ja,7
mes,7
e_t,7
b_n,7
uka,7
_ol,7
p_k,7
aus,7
yad,7
las,7
als,7
tri,7
ku_,7
o_c,7
kup,7
ir_,7
muo,7
atr,7
kim,7
amb,7
rad,7
uso,7
inl,7
tes,7
gun,7
k_m,7
d_b,7
bih,6
sig,6
kri,6
gai,6
g_y,6
t_w,6
nra,6
gim,6
y_e,6
lir,6
gso,6
pyo,6
unu,6
dos,6
iny,6
oni,6
igr,6
iho,6
d_h,6
urh,6
isc,6
nsi,6
m_d,6
rip,6
spa,6
nic,6
kor,6
cod,6
ode,6
ngg,6
bus,6
rap,6
dom,6
epe,6
nis,6
otd,6
gag,6
tuh,6
dur,6
asy,6
_ce,6
iko,6
u_p,6
ndr,6
dig,6
up_,6
tak,6
u_l,6
akl,6
_ul,6
nku,6
gmi,6
ngd,6
rid,6
nae,6
mra,6
et_,6
aun,6
aly,6
amr,6
gki,6
nka,6
sor,6
aam,6
avi,6
dav,5
l_p,5
rak,5
sen,5
yop,5
aco,5
_ap,5
be_,5
mik,5
w_g,5
cob,5
jac,5
ost,5
aih,5
puk,5
nor,5
kiw,5
roo,5
omo,5
sel,5
kol,5
uni,5
toy,5
tud,5
sol,5
yoa,5
reo,5
naz,5
sep,5
tog,5
anu,5
tuy,5
nia,5
_kl,5
ugs,5
n_r,5
eks,5
nmu,5
rya,5
asn,5
pob,5
igy,5
omb,5
car,5
sca,5
can,5
inr,5
iim,5
yua,5
amh,5
mha,5
mbi,5
oko,5
_ep,5
nil,5
ifa,5
fas,5
gna,5
nyu,5
aod,5
mdo,5
m_t,5
bbi,5
bok,5
ben,5
lao,5
d_o,5
yam,5
rud,5
ieg,5
rie,5
lum,5
yap,5
ngy,5
ego,5
aif,5
cai,5
nla,5
s_l,5
vid,5
akp,5
l_m,5
ory,5
ide,5
gte,5
mdu,5
doa,5
yoh,5
iot,5
sek,5
oho,5
ekr,5
su_,5
ber,5
roh,5
kip,5
emo,5
ape,5
kid,5
ohi,5
ote,5
_go,5
any,5
owa,5
nse,5
gih,5
hoo,5
nna,5
hil,5
m_i,4
mul,4
e_a,4
gho,4
nog,4
ete,4
oso,4
roi,4
opd,4
pda,4
nde,4
osn,4
opo,4
o_2,4
ebr,4
heb,4
ral,4
g_o,4
jon,4
rdi,4
jos,4
l_t,4
gua,4
tol,4
aap,4
ons,4
g_h,4
akt,4
imb,4
ep_,4
ksa,4
mum,4
etr,4
ens,4
iw_,4
awi,4
t_g,4
hag,4
usi,4
ebe,4
goy,4
l_d,4
loh,4
_ro,4
nlu,4
sil,4
_al,4
gao,4
kuw,4
iat,4
mdi,4
so_,4
ylo,4
gop,4
rba,4
ug_,4
ait,4
d_y,4
b_a,4
rma,4
gru,4
w_l,4
l_k,4
nwa,4
ayl,4
l_o,4
igl,4
r_a,4
giy,4
apl,4
odn,4
dno,4
pek,4
uuh,4
gtr,4
anm,4
wao,4
mpa,4
aas,4
dil,4
guu,4
ekt,4
ono,4
hir,4
nuk,4
hia,4
rug,4
r_d,4
_le,4
_ub,4
gap,4
mbe,4
rda,4
nsy,4
dok,4
okt,4
oi_,4
ab_,4
her,3
u_c,3
abl,3
moh,3
itn,3
tiy,3
k_u,3
odl,3
oya,3
_el,3
diw,3
ii_,3
tii,3
_ac,3
udu,3
dud,3
odi,3
aog,3
t_o,3
rob,3
gdo,3
nya,3
w_h,3
ren,3
wti,3
awt,3
rib,3
gik,3
baa,3
wil,3
nuw,3
e_i,3
tod,3
tib,3
g_c,3
auu,3
g_j,3
inw,3
nng,3
kog,3
sko,3
rur,3
ese,3
ktr,3
u_m,3
abe,3
nut,3
dat,3
bit,3
nho,3
e_g,3
ces,3
or_,3
2_s,3
dor,3
gob,3
lot,3
rub,3
cor,3
_co,3
jor,3
dao,3
ota,3
irm,3
kih,3
_on,3
agg,3
air,3
ugn,3
yng,3
aks,3
gpo,3
let,3
b_d,3
hos,3
nyo,3
rti,3
w_y,3
ail,3
put,3
upu,3
pup,3
oa_,3
1_n,3
_us,3
hok,3
gor,3
imu,3
ess,3
_bo,3
nip,3
_ek,3
dng,3
ksi,3
yuk,3
p_p,3
ogt,3
tre,3
hio,3
nki,3
ido,3
bri,3
puy,3
s_y,3
yos,3
yen,3
daw,3
u_d,3
rte,3
mud,3
eda,3
_ed,3
m_o,3
omi,3
buy,3
ign,3
ipl,3
ubt,3
uyd,3
dit,3
pid,3
ril,3
aid,3
pi_,3
lai,3
im_,3
sos,3
e_m,3
blo,3
tno,3
ste,3
end,3
ugu,3
kpo,3
yga,2
o_8,2
_8_,2
8_a,2
anr,2
rni,2
str,2
dau,2
aug,2
luh,2
l_g,2
ndu,2
r_p,2
unl,2
nlo,2
mpi,2
agy,2
nso,2
_16,2
16_,2
6_i,2
_14,2
14_,2
ets,2
tsa,2
urb,2
_de,2
mae,2
aek,2
uun,2
hik,2
loa,2
oam,2
seb,2
p_m,2
ydi,2
lom,2
bto,2
_10,2
10_,2
eri,2
tid,2
oyo,2
nuo,2
oog,2
aul,2
l_a,2
ssi,2
pik,2
k_t,2
p_d,2
diy,2
_11,2
11_,2
hid,2
bsa,2
ans,2
awu,2
wun,2
giw,2
hom,2
_2_,2
aca,2
inm,2
o_6,2
_6_,2
tua,2
pud,2
udn,2
gul,2
nud,2
bow,2
w_w,2
ayi,2
yi_,2
apr,2
oba,2
_me,2
iik,2
k_d,2
ate,2
k_w,2
kre,2
mok,2
m_l,2
alw,2
lwa,2
ark,2
rka,2
_ia,2
bro,2
noa,2
npu,2
ime,2
mer,2
hab,2
dha,2
now,2
rir,2
wah,2
ady,2
dya,2
s_c,2
o_9,2
_9_,2
rol,2
bum,2
ai_,2
kis,2
u_g,2
m_g,2
suh,2
kok,2
sem,2
ema,2
len,2
nao,2
yud,2
adn,2
dna,2
adh,2
rar,2
lor,2
oru,2
ah_,2
_uu,2
o_7,2
_7_,2
ksp,2
spe,2
rye,2
edo,2
ube,2
obe,2
ruk,2
_12,2
12_,2
ser,2
ul0,2
l0_,2
_5_,2
luk,2
kul,2
hur,2
dih,2
e_p,2
era,2
arg,2
rga,2
ite,2
kmi,2
bba,2
nko,2
woh,2
nuu,2
uuw,2
buo,2
uot,2
iag,2
suo,2
boh,2
b_k,2
arm,2
oti,2
bib,2
bud,2
r_w,2
abt,2
bta,2
ngr,2
lio,2
poh,2
_13,2
13_,2
oor,2
o_e,2
kbo,2
moa,2
aiw,2
8_s,2
ced,2
iar,2
guy,2
_3_,2
y_o,2
l_b,2
ayg,2
nbi,2
u_t,2
b_p,2
kpa,2
aac,2
ac_,2
not,2
m_y,2
m_b,2
r_h,2
o_3,2
uyn,2
_15,2
15_,2
5_s,2
osi,2
toh,2
i_r,2
soy,2
sap,2
uol,2
l_h,2
pip,2
aub,2
sat,2
nok,2
aok,2
npi,2
tuw,2
lya,2
akg,2
kgo,2
_pl,2
o_4,2
_4_,2
y_c,2
ill,2
pli,2
gup,2
pen,2
ene,2
nkr,2
amn,1
_ru,1
ruf,1
ufo,1
fo_,1
jul,1
_ne,1
ere,1
pia,1
_aq,1
lla,1
cil,1
sci,1
enk,1
cen,1
t_h,1
lly,1
lyr,1
yri,1
ric,1
icu,1
cum,1
hem,1
emu,1
cha,1
gmu,1
ti1,1
i1_,1
teo,1
ase,1
tuk,1
obo,1
lid,1
u_y,1
aig,1
b_i,1
iay,1
k_h,1
huy,1
iks,1
mig,1
yod,1
yas,1
soh,1
piy,1
st_,1
uug,1
18_,1
_yo,1
omd,1
ugw,1
3_s,1
4_a,1
ook,1
usg,1
sga,1
t_u,1
wad,1
ugd,1
arc,1
rce,1
cel,1
ary,1
s_e,1
p_o,1
ibl,1
ble,1
le_,1
alc,1
lcu,1
cus,1
0_1,1
_17,1
17_,1
7_n,1
_l8,1
l8_,1
akb,1
_18,1
iah,1
pu_,1
rdo,1
eva,1
van,1
nge,1
gel,1
ela,1
b_g,1
utk,1
tko,1
w_c,1
3_y,1
uti,1
img,1
mgb,1
mbu,1
_rn,1
lta,1
alm,1
lme,1
_ho,1
k_b,1
rai,1
e_y,1
aty,1
tya,1
_19,1
19_,1
9_s,1
jam,1
r_t,1
gse,1
erb,1
rbi,1
hed,1
0_5,1
5_a,1
m_h,1
r_l,1
dlu,1
uk_,1
pav,1
kub,1
_ii,1
_ug,1
kut,1
tda,1
gni,1
nit,1
_20,1
vim,1
gol,1
olg,1
lgo,1
awb,1
wba,1
ggi,1
_cl,1
cle,1
leo,1
eop,1
oph,1
pha,1
ath,1
the,1
dri,1
iyu,1
g_e,1
eph,1
phr,1
hra,1
oyn,1
lun,1
gib,1
ib_,1
hea,1
mir,1
loe,1
oe_,1
20_,1
pya,1
gow,1
nhe,1
uup,1
ome,1
met,1
esd,1
0_a,1
mpr,1
pra,1
mog,1
isp,1
spu,1
sop,1
hiw,1
muk,1
uks,1
kso,1
yar,1
bbo,1
idn,1
waa,1
ikr,1
pua,1
iil,1
akn,1
kna,1
_ev,1
dim,1
_21,1
21_,1
i_z,1
_ze,1
zeb,1
bed,1
ede,1
tup,1
oop,1
tou,1
its,1
tsu,1
6_p,1
teb,1
deo,1
ayb,1
yba,1
ihu,1
asd,1
ogi,1
dap,1
yno,1
oud,1
p_u,1
unh,1
1_a,1
bua,1
2_a,1
ayn,1
g_u,1
btu,1
nur,1
ibe,1
gac,1
l_i,1
rih,1
abs,1
anw,1
tic,1
co_,1
b_b,1
0_p,1
e_d,1
pur,1
ktu,1
muy,1
nos,1
osw,1
swa,1
moy,1
pug,1
ass,1
ssa,1
olp,1
lpo,1
nuy,1
bie,1
ien,1
e_o,1
nu_,1
mua,1
_og,1
ams,1
msi,1
_1_,1
1_s,1
lev,1
evi,1
vit,1
3_n,1
wi_,1
ake,1
ken,1
dib,1
4o_,1
s_4,1
_4o,1
orm,1
arb,1
cep,1
epa,1
ird,1
hol,1
osd,1
sdi,1
ugp,1
orh,1
aky,1
ske,1
ket,1
wos,1
niw,1
lud,1
nma,1
ump,1
gkw,1
kwe,1
wen,1
6_n,1
u_w,1
onl,1
red,1
imi,1
mim,1
otn,1
9_p,1
yai,1
rme,1
me_,1
m_4,1
_i_,1
l_l,1
d_c,1
4_n,1
eha,1
h_s,1
o_5,1
onh,1
kya,1
mup,1
_41,1
41k,1
1ka,1
e_h,1
aak,1
m_u,1
e_c,1
b_e,1
emn,1
mna,1
wgo,1
amg,1
7_d,1
ank,1
d_e,1
7_a,1
o_f,1
nac,1
acu,1
cul,1
b_t,1
unb,1
yak,1
ayk,1
yka,1
onp,1
u_b,1
uus,1
bik,1
ikt,1
kta,1
yus,1
liv,1
ivo,1
vo_,1
esc,1
scr,1
nua,1
e_b,1
9_a,1
c_p,1
awg,1
tet,1
eti,1
aor,1
nop,1
enh,1
awn,1
wna,1
reb,1
bec,1
eca,1
ca_,1
c_k,1
sau,1
au_,1
lol,1
_os,1
orr,1
rra,1
h_n,1
act,1
cto,1
orb,1
iak,1
ars,1
rsi,1
rep,1
luc,1
etl,1
tle,1
leh,1
ehe,1
0_m,1
pop,1
3_a,1
nru,1
run,1
_yu,1
l_w,1
boo,1
odt,1
ugi,1
l_u,1
ltu,1
alh,1
ukb,1
sod,1
odo,1
mor,1
siw,1
w_o,1
5_n,1
sse,1
ros,1
lhi,1
yur,1
erp,1
rpe,1
upk,1
pku,1
upi,1
ubs,1
yde,1
de_,1
auh,1
hiu,1
iun,1
upd,1
pdi,1
mac,1
ace,1
ach,1
uwi,1
wis,1
ayd,1
yda,1
4_s,1
ogb,1
yor,1
utl,1
tli,1
peb,1
mni,1
rto,1
ne_,1
gmo,1
net,1
cay,1
jun,1
jas,1
er_,1
ert,1
tiu,1
ius,1
_er,1
uar,1
inn,1
u_i,1
4_d,1
_en,1
eno,1
ipr,1
ial,1
oll,1
llo,1
pru,1
stu,1
aqu,1
qui,1
uil,1
iog,1
uci,1
cio,1
